Index,TagTime,Title,Artist,URL,TrackKey
1,2025-08-26,"Numb","Dotan",https://www.shazam.com/track/468163384/numb,468163384
2,2025-08-17,"Just Keep Watching (From F1® The Movie)","Tate McRae",https://www.shazam.com/track/822371366/just-keep-watching-from-f1-the-movie,822371366
3,2025-08-17,"Just Cool","Obongjayar",https://www.shazam.com/track/663797458/just-cool,663797458
4,2025-08-17,"Underdog (From F1® The Movie)","Roddy Ricch",https://www.shazam.com/track/826411786/underdog-from-f1-the-movie,826411786
5,2025-08-17,"Lose My Mind (feat. Doja Cat) [From F1® The Movie]","Don Toliver",https://www.shazam.com/track/822208557/lose-my-mind-feat-doja-cat-from-f1-the-movie,822208557
6,2025-08-16,"Astronaut In The Ocean","Masked Wolf",https://www.shazam.com/track/469270443/astronaut-in-the-ocean,469270443
7,2025-08-16,"HUMBLE.","Kendrick Lamar",https://www.shazam.com/track/346034996/humble,346034996
8,2025-08-16,"99 Problems","Big Baby Tape & kizaru",https://www.shazam.com/track/587879823/99-problems,587879823
9,2025-08-16,"Ты кидал","5'nizza",https://www.shazam.com/track/45391576/%D1%82%D1%8B-%D0%BA%D0%B8%D0%B4%D0%B0%D0%BB,45391576
10,2025-08-02,"Tokyo Drift","Teriyaki Boyz",https://www.shazam.com/track/44344060/tokyo-drift,44344060
11,2025-08-02,"U.S.A.","Dubioza Kolektiv",https://www.shazam.com/track/56006435/u-s-a,56006435
12,2025-07-29,"Through My Veins (feat. Vicki Vox)","spring gang",https://www.shazam.com/track/470695329/through-my-veins-feat-vicki-vox,470695329
13,2025-07-25,"Yamore (feat. Cesária Evora, Benja (NL) & Franc Fala)","MoBlack & Salif Keïta",https://www.shazam.com/track/690274636/yamore-feat-ces%C3%A1ria-evora-benja-nl-franc-fala,690274636
14,2025-06-28,"Not Like Us","Kendrick Lamar",https://www.shazam.com/track/700144995/not-like-us,700144995
15,2025-05-31,"It's Tricky","Run-DMC",https://www.shazam.com/track/237030/its-tricky,237030
16,2025-05-10,"How You Like That","BLACKPINK",https://www.shazam.com/track/526538828/how-you-like-that,526538828
17,2025-05-07,"What's a Woman","Vaya Con Dios",https://www.shazam.com/track/20080447/whats-a-woman,20080447
18,2025-04-30,"Pepas","Farruko",https://www.shazam.com/track/575061784/pepas,575061784
19,2025-04-26,"Sit Next to Me","Foster the People",https://www.shazam.com/track/359665330/sit-next-to-me,359665330
20,2025-04-26,"Get Back","Valeria Stoica",https://www.shazam.com/track/406902232/get-back,406902232
21,2025-04-26,"What's the Difference (feat. Eminem & Xzibit)","Dr. Dre",https://www.shazam.com/track/230107/whats-the-difference-feat-eminem-xzibit,230107
22,2025-04-26,"Lay Low","Tiësto",https://www.shazam.com/track/644444967/lay-low,644444967
23,2025-04-20,"Дискотека из 90","RaiM, Artur & Zhenis",https://www.shazam.com/track/426954498/%D0%B4%D0%B8%D1%81%D0%BA%D0%BE%D1%82%D0%B5%D0%BA%D0%B0-%D0%B8%D0%B7-90,426954498
24,2025-04-06,"Давай сбежим (Искорки)","5UTRA",https://www.shazam.com/track/667862787/%D0%B4%D0%B0%D0%B2%D0%B0%D0%B9-%D1%81%D0%B1%D0%B5%D0%B6%D0%B8%D0%BC-%D0%B8%D1%81%D0%BA%D0%BE%D1%80%D0%BA%D0%B8,667862787
25,2025-03-20,"Mwaki","ZERB & Sofiya Nzau",https://www.shazam.com/track/678665902/mwaki,678665902
26,2025-03-02,"Here Comes The Night","Agnes",https://www.shazam.com/track/585390459/here-comes-the-night,585390459
27,2025-02-27,"Too Many Nights (feat. Don Toliver)","Metro Boomin & Future",https://www.shazam.com/track/643726177/too-many-nights-feat-don-toliver,643726177
28,2025-02-14,"DtMF","Bad Bunny",https://www.shazam.com/track/808381470/dtmf,808381470
29,2025-02-14,"TOMBOY","i-dle",https://www.shazam.com/track/605875692/tomboy,605875692
30,2025-02-13,"Messy","Lola Young",https://www.shazam.com/track/699212512/messy,699212512
31,2025-02-13,"São Paulo","The Weeknd & Anitta",https://www.shazam.com/track/714461865/s%C3%A3o-paulo,714461865
32,2025-02-11,"Teenage Dirtbag","Wheatus",https://www.shazam.com/track/68331075/teenage-dirtbag,68331075
33,2025-02-11,"WORK","ATEEZ",https://www.shazam.com/track/701661535/work,701661535
34,2025-02-11,"Superhero (Heroes & Villains)","Metro Boomin, Future & Chris Brown",https://www.shazam.com/track/643726228/superhero-heroes-villains,643726228
35,2025-02-10,"Fat Juicy & Wet","Sexyy Red & Bruno Mars",https://www.shazam.com/track/809892172/fat-juicy-wet,809892172
36,2025-02-08,"BROKOTO","Mario Fresh & RENVTØ",https://www.shazam.com/track/693153135/brokoto,693153135
37,2025-02-06,"I Want It That Way","Backstreet Boys",https://www.shazam.com/track/225894/i-want-it-that-way,225894
38,2025-02-06,"Medley 1900","Jacques Hélian et Son Orchestre",https://www.shazam.com/track/88010827/medley-1900,88010827
39,2025-02-06,"Gigi L'Amoroso (French Version)","Dalida",https://www.shazam.com/track/3086679/gigi-lamoroso-french-version,3086679
40,2025-01-27,"Paint The Town Red","Doja Cat",https://www.shazam.com/track/673557639/paint-the-town-red,673557639
41,2025-01-24,"Substitution (feat. Julian Perretta)","Purple Disco Machine & Kungs",https://www.shazam.com/track/657958604/substitution-feat-julian-perretta,657958604
42,2025-01-21,"Бобр","SLAVA SKRIPKA",https://www.shazam.com/track/711363731/%D0%B1%D0%BE%D0%B1%D1%80,711363731
43,2025-01-13,"Trade It For The Night","HAEVN & Neco Novellas & G-Roots Gospel Choir",https://www.shazam.com/track/688409124/trade-it-for-the-night,688409124
44,2025-01-13,"A venit poliția (From "Candidatul perfect" The Movie)","Theo Rose",https://www.shazam.com/track/716472644/a-venit-poli%C8%9Bia-from-candidatul-perfect-the-movie,716472644
45,2025-01-13,"Tataki","Argy",https://www.shazam.com/track/597812627/tataki,597812627
46,2025-01-08,"Last Summer (feat. Sophie and the Giants)","FAST BOY & Moby",https://www.shazam.com/track/717109692/last-summer-feat-sophie-and-the-giants,717109692
47,2025-01-05,"Pretty Girls Walk","Big Boss Vette",https://www.shazam.com/track/621022408/pretty-girls-walk,621022408
48,2025-01-04,"Secret ID","Moojo & Da Capo",https://www.shazam.com/track/670443883/secret-id,670443883
49,2025-01-04,"Stressing","Yung X9",https://www.shazam.com/track/513817329/stressing,513817329
50,2025-01-04,"Baby mama","Skryptonite & Райда",https://www.shazam.com/track/528115413/baby-mama,528115413
51,2025-01-04,"La Da De","Gorilla Zoe",https://www.shazam.com/track/120895950/la-da-de,120895950
52,2025-01-04,"Restaurant","Larisa Dolina",https://www.shazam.com/track/45373157/%D1%80%D0%B5%D1%81%D1%82%D0%BE%D1%80%D0%B0%D0%BD,45373157
53,2025-01-04,"California Love (feat. Roger Troutman & Dr. Dre)","2Pac",https://www.shazam.com/track/5217223/california-love-feat-roger-troutman-dr-dre,5217223
54,2025-01-04,"Electronic Vibes Vol.1","Dj Afonso de Vic",https://www.shazam.com/track/558783251/electronic-vibes-vol-1,558783251
55,2025-01-03,"Худи","GeeGun, Artik & Asti & NILETTO",https://www.shazam.com/track/717100739/%D1%85%D1%83%D0%B4%D0%B8,717100739
56,2025-01-03,"Remember","Josh Groban",https://www.shazam.com/track/61859197/remember,61859197
57,2025-01-03,"Vegas","Flo Nocturn",https://www.shazam.com/track/649080806/vegas,649080806
58,2025-01-03,"Bossy (feat. Too $hort)","Kelis",https://www.shazam.com/track/44447301/bossy-feat-too-%24hort,44447301
59,2025-01-01,"When We Were Young","Take That",https://www.shazam.com/track/53568696/when-we-were-young,53568696
60,2025-01-01,"Midnight Sky","Miley Cyrus",https://www.shazam.com/track/533382782/midnight-sky,533382782
61,2025-01-01,"Pretty Slowly","Benson Boone",https://www.shazam.com/track/699529970/pretty-slowly,699529970
62,2024-12-25,"Rock My Body","R3HAB, Inna & Sash!",https://www.shazam.com/track/661629442/rock-my-body,661629442
63,2024-12-25,"No Type","Rae Sremmurd",https://www.shazam.com/track/148955227/no-type,148955227
64,2024-12-24,"Espresso","Sabrina Carpenter",https://www.shazam.com/track/697379011/espresso,697379011
65,2024-12-24,"Die With A Smile","Lady Gaga & Bruno Mars",https://www.shazam.com/track/710742344/die-with-a-smile,710742344
66,2024-12-20,"Clint Eastwood","Gorillaz",https://www.shazam.com/track/5167035/clint-eastwood,5167035
67,2024-12-14,"Las-o așa","IRAIDA & Puya",https://www.shazam.com/track/702771992/las-o-a%C8%99a,702771992
68,2024-12-14,"Acasă","Smiley",https://www.shazam.com/track/101215970/acas%C4%83,101215970
69,2024-12-12,"Raisa (Christian Eberhard Remix)","Fly Project",https://www.shazam.com/track/581365533/raisa-christian-eberhard-remix,581365533
70,2024-12-12,"K-Tinne","Fly Project",https://www.shazam.com/track/45408473/k-tinne,45408473
71,2024-12-10,"Shotgun","George Ezra",https://www.shazam.com/track/408576846/shotgun,408576846
72,2024-12-09,"Skyfall (Karaoke Version Originally Performed By Adele)","Disco Fever",https://www.shazam.com/track/314677341/skyfall-karaoke-version-originally-performed-by-adele,314677341
73,2024-12-07,"Miami (From Miami Bici 2 The Movie)","Delia & Johny Romano",https://www.shazam.com/track/677677713/miami-from-miami-bici-2-the-movie,677677713
74,2024-12-07,"Shapeshifter","Vladimir Tataru",https://www.shazam.com/track/717777599/shapeshifter,717777599
75,2024-12-07,"Houdini","Eminem",https://www.shazam.com/track/702558359/houdini,702558359
76,2024-12-06,"Did I Make You Wait","Staffan Carlén",https://www.shazam.com/track/530156238/did-i-make-you-wait,530156238
77,2024-12-03,"Sing Me to Sleep","Alan Walker",https://www.shazam.com/track/320036187/sing-me-to-sleep,320036187
78,2024-11-30,"Pepas (Robin Schulz Remix)","Farruko & Robin Schulz",https://www.shazam.com/track/587531538/pepas-robin-schulz-remix,587531538
79,2024-11-30,"It feels So Good","Elias Fassos, RisK (GR) & Maria Peidi",https://www.shazam.com/track/672809620/it-feels-so-good,672809620
80,2024-11-29,"You're a Woman","Union of Sound",https://www.shazam.com/track/77313478/youre-a-woman,77313478
81,2024-11-29,"rockstar (feat. 21 Savage)","Post Malone",https://www.shazam.com/track/374244185/rockstar-feat-21-savage,374244185
82,2024-11-29,"Espresso","Sabrina Carpenter",https://www.shazam.com/track/697379011/espresso,697379011
83,2024-11-29,"Undressed","Kim Cesarion",https://www.shazam.com/track/86941893/undressed,86941893
84,2024-11-22,"Blame Mammoth (Edit)","Dj Andres Galvis",https://www.shazam.com/track/443017192/blame-mammoth-edit,443017192
85,2024-11-22,"Don't Stop the Party","48 Tracks ent",https://www.shazam.com/track/122585270/dont-stop-the-party,122585270
86,2024-11-22,"Love Me Again","John Newman",https://www.shazam.com/track/89604497/love-me-again,89604497
87,2024-11-22,"Wild Ones (feat. Sia)","Flo Rida",https://www.shazam.com/track/56555463/wild-ones-feat-sia,56555463
88,2024-11-22,"Under Control (feat. Hurts)","Calvin Harris & Alesso",https://www.shazam.com/track/98412172/under-control-feat-hurts,98412172
89,2024-11-22,"Unfaithful","Rihanna",https://www.shazam.com/track/44207284/unfaithful,44207284
90,2024-11-22,"Wicked Games (feat. Anna Naklab)","Parra for Cuva",https://www.shazam.com/track/115559795/wicked-games-feat-anna-naklab,115559795
91,2024-11-15,"It Ain't Me","Kygo & Selena Gomez",https://www.shazam.com/track/341750164/it-aint-me,341750164
92,2024-11-15,"Prayer in C (Robin Schulz Radio Edit)","Lilly Wood & The Prick & Robin Schulz",https://www.shazam.com/track/122332809/prayer-in-c-robin-schulz-radio-edit,122332809
93,2024-11-08,"Птичка","HammAli & Navai",https://www.shazam.com/track/570260119/%D0%BF%D1%82%D0%B8%D1%87%D0%BA%D0%B0,570260119
94,2024-11-03,"The Sound of Silence (CYRIL Remix)","Disturbed",https://www.shazam.com/track/687742934/the-sound-of-silence-cyril-remix,687742934
95,2024-11-02,"MONTERO (Call Me By Your Name)","Lil Nas X",https://www.shazam.com/track/556102751/montero-call-me-by-your-name,556102751
96,2024-11-02,"Born to Make You Happy","Britney Spears",https://www.shazam.com/track/10611067/born-to-make-you-happy,10611067
97,2024-11-01,"Substitution (feat. Julian Perretta)","Purple Disco Machine & Kungs",https://www.shazam.com/track/657958604/substitution-feat-julian-perretta,657958604
98,2024-10-18,"10:35","Tiësto & Tate McRae",https://www.shazam.com/track/639748010/10-35,639748010
99,2024-10-13,"Sus pe toc (feat. Marius Moga)","SHIFT",https://www.shazam.com/track/90124979/sus-pe-toc-feat-marius-moga,90124979
100,2024-10-13,"Wasted Love (feat. Lagique)","Ofenbach",https://www.shazam.com/track/541653231/wasted-love-feat-lagique,541653231
101,2024-10-13,"Freedom (feat. Stella)","DJ Andi",https://www.shazam.com/track/50291234/freedom-feat-stella,50291234
102,2024-10-12,"Aroma (feat. Raluka)","Dj Sava",https://www.shazam.com/track/98405880/aroma-feat-raluka,98405880
103,2024-10-12,"Cum Era","Delia & Nane",https://www.shazam.com/track/512443060/cum-era,512443060
104,2024-10-12,"Can't Get You out of My Head (House)","Syntrixis",https://www.shazam.com/track/714711834/cant-get-you-out-of-my-head-house,714711834
105,2024-10-12,"We Were Younger","Marc Philippe",https://www.shazam.com/track/435369684/we-were-younger,435369684
106,2024-10-12,"De-ar vorbi inima","3 Sud Est",https://www.shazam.com/track/601069134/de-ar-vorbi-inima,601069134
107,2024-10-11,"Crazy","Gnarls Barkley",https://www.shazam.com/track/47611786/crazy,47611786
108,2024-10-11,"Not About Us (Byjoemichael Remix)","Alis Shuka",https://www.shazam.com/track/589709697/not-about-us-byjoelmichael-remix,589709697
109,2024-10-11,"The Magic Key","One-T",https://www.shazam.com/track/20125532/the-magic-key,20125532
110,2024-10-11,"Чёрная любовь","ELMAN & MONA",https://www.shazam.com/track/625319933/%D1%87%D1%91%D1%80%D0%BD%D0%B0%D1%8F-%D0%BB%D1%8E%D0%B1%D0%BE%D0%B2%D1%8C,625319933
111,2024-10-10,"Fata TOP","Eugen Anghel",https://www.shazam.com/track/707866913/fata-top,707866913
112,2024-10-10,"Bad Feeling (Oompa Loompa)","Jagwar Twin",https://www.shazam.com/track/685199414/bad-feeling-oompa-loompa,685199414
113,2024-10-02,"Frica","Carla's Dreams",https://www.shazam.com/track/383739291/frica,383739291
114,2024-10-01,"Move","Adam Port, Stryv & Malachiii",https://www.shazam.com/track/702598383/move,702598383
115,2024-09-29,"Riot","Three Days Grace",https://www.shazam.com/track/44341115/riot,44341115
116,2024-09-29,"Infinity","Jaymes Young",https://www.shazam.com/track/360400967/infinity,360400967
117,2024-09-29,"Freed from Desire (feat. Indiiana)","Drenchill",https://www.shazam.com/track/444195425/freed-from-desire-feat-indiiana,444195425
118,2024-09-26,"Nikotini","M.Hustler & Giorgos Mazonakis",https://www.shazam.com/track/707528467/nikotini,707528467
119,2024-09-24,"Tranquilo Na Italia (feat. Dj Farrapo, Flora Matos & MC Papo Reto)","Fab Samperi",https://www.shazam.com/track/422453431/tranquilo-na-italia-feat-dj-farrapo-flora-matos-mc-papo-reto,422453431
120,2024-09-22,"Bruna (I'm Blue)","Isca Beats",https://www.shazam.com/track/669414467/bruna-im-blue,669414467
121,2024-09-15,"Adventure of a Lifetime","Coldplay",https://www.shazam.com/track/295542579/adventure-of-a-lifetime,295542579
122,2024-09-14,"Thank You [Not So Bad]","VIZE & Felix Jaehn",https://www.shazam.com/track/507218698/thank-you-not-so-bad,507218698
123,2024-09-14,"In the End (Remix)","Ada Gio",https://www.shazam.com/track/478715519/in-the-end-remix,478715519
124,2024-09-14,"Love Me Again","John Newman",https://www.shazam.com/track/89604497/love-me-again,89604497
125,2024-09-14,"Tequila (feat. Carla's Dreams)","Blacklist",https://www.shazam.com/track/400673140/tequila-feat-carlas-dreams,400673140
126,2024-09-14,"AMERICA HAS A PROBLEM (feat. Kendrick Lamar)","Beyoncé",https://www.shazam.com/track/667143799/america-has-a-problem-feat-kendrick-lamar,667143799
127,2024-09-14,"Bad Habits (Bachata Version)","Dj Nassos B & Khris Joe",https://www.shazam.com/track/577929738/bad-habits-bachata-version,577929738
128,2024-09-14,"ASI ES LA VIDA","Enrique Iglesias & Maria Becerra",https://www.shazam.com/track/678366612/asi-es-la-vida,678366612
129,2024-09-13,"Duplicándote la Dosis (feat. Robertón 'van Van')","Timbalive",https://www.shazam.com/track/308993643/duplic%C3%A1ndote-la-dosis-feat-robert%C3%B3n-van-van,308993643
130,2024-09-07,"Butterfly","Crazy Town",https://www.shazam.com/track/67672093/butterfly,67672093
131,2024-09-07,"Friends (feat. Rock Mafia)","Aura Dione",https://www.shazam.com/track/53998033/friends-feat-rock-mafia,53998033
132,2024-09-05,"Substitution (feat. Julian Perretta)","Purple Disco Machine & Kungs",https://www.shazam.com/track/657958604/substitution-feat-julian-perretta,657958604
133,2024-09-03,"Another Love","Tom Odell",https://www.shazam.com/track/70679146/another-love,70679146
134,2024-08-31,"Tattoo","Loreen",https://www.shazam.com/track/653369691/tattoo,653369691
135,2024-08-18,"X","Nicky Jam & J Balvin",https://www.shazam.com/track/408829716/x,408829716
136,2024-08-16,"The Sound of Silence (CYRIL Remix)","Disturbed",https://www.shazam.com/track/687742934/the-sound-of-silence-cyril-remix,687742934
137,2024-08-11,"Thinking of You (feat. Zach Sorgen)","SOURWAH",https://www.shazam.com/track/670359571/thinking-of-you-feat-zach-sorgen,670359571
138,2024-08-11,"Dor Sa Te Ador (feat. Lora)","Doddy",https://www.shazam.com/track/427938183/dor-sa-te-ador-feat-lora,427938183
139,2024-08-11,"Calm Down","DJ Goja & Magic Phase",https://www.shazam.com/track/632507647/calm-down,632507647
140,2024-08-11,"Summertime Sadness","LexMorris & haLuna",https://www.shazam.com/track/634417061/summertime-sadness,634417061
141,2024-08-11,"Booty (feat. Iggy Azalea)","Jennifer Lopez",https://www.shazam.com/track/148960157/booty-feat-iggy-azalea,148960157
142,2024-08-11,"Altyn","Tatarka",https://www.shazam.com/track/336530565/altyn,336530565
143,2024-08-11,"Let Me Think About It","Ida Corr Vs. Fedde Le Grand",https://www.shazam.com/track/45284037/let-me-think-about-it,45284037
144,2024-08-11,"Macarena","Los del Río",https://www.shazam.com/track/66453743/macarena,66453743
145,2024-08-11,"Coño","Jason Derulo, Puri & Jhorrmountain",https://www.shazam.com/track/527297426/co%C3%B1o,527297426
146,2024-08-11,"Aserejé","Tomi DJ",https://www.shazam.com/track/412035366/aserej%C3%A9,412035366
147,2024-08-11,"Плачу на техно","CREAM SODA & Khleb",https://www.shazam.com/track/512691613/%D0%BF%D0%BB%D0%B0%D1%87%D1%83-%D0%BD%D0%B0-%D1%82%D0%B5%D1%85%D0%BD%D0%BE,512691613
148,2024-08-11,"Кружит","MONATIK",https://www.shazam.com/track/319889848/%D0%BA%D1%80%D1%83%D0%B6%D0%B8%D1%82,319889848
149,2024-08-11,"Зацепила","Arthur Pirozhkov",https://www.shazam.com/track/460801057/%D0%B7%D0%B0%D1%86%D0%B5%D0%BF%D0%B8%D0%BB%D0%B0,460801057
150,2024-08-11,"Let's Get It Started (Spike Mix)","Black Eyed Peas",https://www.shazam.com/track/40341145/lets-get-it-started-spike-mix,40341145
151,2024-08-11,"Пуля-Дура (Eddie G & Roma Yng Moombahton Remix)","Loboda",https://www.shazam.com/track/465953494/-,465953494
152,2024-08-11,"Spring Summer","5sta Family",https://www.shazam.com/track/89477525/spring-summer,89477525
153,2024-08-11,"Hotel Room Service","Pitbull",https://www.shazam.com/track/497858301/hotel-room-service,497858301
154,2024-08-11,"Улети","T-Fest",https://www.shazam.com/track/366273392/%D1%83%D0%BB%D0%B5%D1%82%D0%B8,366273392
155,2024-08-11,"Ламбада","T-Fest & Skryptonite",https://www.shazam.com/track/343407702/%D0%BB%D0%B0%D0%BC%D0%B1%D0%B0%D0%B4%D0%B0,343407702
156,2024-08-11,"Cola Song (feat. J Balvin)","Inna",https://www.shazam.com/track/111353344/cola-song-feat-j-balvin,111353344
157,2024-08-11,"Policeman","Eva Simons",https://www.shazam.com/track/263185966/policeman,263185966
158,2024-08-11,"Tenerife (feat. Misha) [Extended]","Dj Sava",https://www.shazam.com/track/87467981/tenerife-feat-misha-extended,87467981
159,2024-08-11,"Family Affair","Mary J. Blige",https://www.shazam.com/track/5164711/family-affair,5164711
160,2024-08-11,"R.I.P. (feat. Anitta & Rita Ora)","Sofía Reyes",https://www.shazam.com/track/460207459/r-i-p-feat-anitta-rita-ora,460207459
161,2024-08-11,"Taste (feat. Offset)","Tyga",https://www.shazam.com/track/418467645/taste-feat-offset,418467645
162,2024-08-11,"Elefante (DJ Konstantin Ozeroff & DJ Sky Remix)","NK",https://www.shazam.com/track/506972162/elefante-dj-konstantin-ozeroff-dj-sky-remix,506972162
163,2024-08-11,"Goodbye (feat. Lyse) [Radio Edit]","Feder",https://www.shazam.com/track/137624604/goodbye-feat-lyse-radio-edit,137624604
164,2024-08-11,"Traag (feat. Jozo & Kraantje Pappie)","Bizzey",https://www.shazam.com/track/356028800/traag-feat-jozo-kraantje-pappie,356028800
165,2024-08-11,"Trumpets (feat. Sean Paul)","Sak Noel & Salvi",https://www.shazam.com/track/313685723/trumpets-feat-sean-paul-radio-mix,313685723
166,2024-07-27,"Lean On","Major Lazer, MØ & DJ Snake",https://www.shazam.com/track/276680635/lean-on,276680635
167,2024-07-27,"Be Mine","Ofenbach",https://www.shazam.com/track/334921069/be-mine,334921069
168,2024-07-06,"Gas Pedal (feat. Iamsu!)","Sage the Gemini",https://www.shazam.com/track/65874080/gas-pedal-feat-iamsu,65874080
169,2024-07-06,"N-avem Scuze","Satoshi",https://www.shazam.com/track/653019170/n-avem-scuze,653019170
170,2024-07-06,"Loco Contigo","DJ Snake, J Balvin & Tyga",https://www.shazam.com/track/469526709/loco-contigo,469526709
171,2024-07-06,"Playa's Only featuring The Game","R. Kelly",https://www.shazam.com/track/47524436/playas-only-featuring-the-game,47524436
172,2024-07-06,"Sa Cante Trompetele (feat. Feli)","b.u.g. mafia",https://www.shazam.com/track/431238754/sa-cante-trompetele-feat-feli,431238754
173,2024-06-30,"Гранитный камушек","Bozhya Korovka",https://www.shazam.com/track/45417405/%D0%B3%D1%80%D0%B0%D0%BD%D0%B8%D1%82%D0%BD%D1%8B%D0%B9-%D0%BA%D0%B0%D0%BC%D1%83%D1%88%D0%B5%D0%BA,45417405
174,2024-06-13,"Feels (feat. Pharrell Williams, Katy Perry & Big Sean)","Calvin Harris",https://www.shazam.com/track/359624689/feels-feat-pharrell-williams-katy-perry-big-sean,359624689
175,2024-05-31,"My Humps","Black Eyed Peas",https://www.shazam.com/track/40961294/my-humps,40961294
176,2024-05-30,"Она любила розы","Ислам Итляшев",https://www.shazam.com/track/534947889/%D0%BE%D0%BD%D0%B0-%D0%BB%D1%8E%D0%B1%D0%B8%D0%BB%D0%B0-%D1%80%D0%BE%D0%B7%D1%8B,534947889
177,2024-05-30,"Грустный дэнс","Артём Качер & Artik & Asti",https://www.shazam.com/track/458605229/%D0%B3%D1%80%D1%83%D1%81%D1%82%D0%BD%D1%8B%D0%B9-%D0%B4%D1%8D%D0%BD%D1%81,458605229
178,2024-05-30,"Just a Lil Bit","50 Cent",https://www.shazam.com/track/40765178/just-a-lil-bit,40765178
179,2024-05-30,"Aaa Aaa Aaa","Chakri, Kousalya, Naveen, Nitin & Sadha",https://www.shazam.com/track/318754236/aaa-aaa-aaa,318754236
180,2024-05-30,"In Da Club","50 Cent",https://www.shazam.com/track/20081922/in-da-club,20081922
181,2024-05-06,"Houdini","Dua Lipa",https://www.shazam.com/track/682150717/houdini,682150717
182,2024-04-30,"Secrets","Regard & RAYE",https://www.shazam.com/track/512686343/secrets,512686343
183,2024-04-22,"The Motto","Tiësto & Ava Max",https://www.shazam.com/track/588668162/the-motto,588668162
184,2024-04-20,"Non-conflict Zone","DJ Infinity Night",https://www.shazam.com/track/548502159/non-conflict-zone,548502159
185,2024-04-19,"SNAP","Rosa Linn",https://www.shazam.com/track/607917333/snap,607917333
186,2024-04-19,"Shut Up","Black Eyed Peas",https://www.shazam.com/track/54575523/shut-up,54575523
187,2024-04-19,"Кружит","MONATIK",https://www.shazam.com/track/319889848/%D0%BA%D1%80%D1%83%D0%B6%D0%B8%D1%82,319889848
188,2024-04-16,"Feeling Good","Hypaton & David Guetta",https://www.shazam.com/track/696144600/feeling-good,696144600
189,2024-04-16,"If I Let You Go (Radio Edit)","Westlife",https://www.shazam.com/track/218674/if-i-let-you-go-radio-edit,218674
190,2024-04-16,"تاكسيم ميت فاز العربية كلمات","Farhana Mqasood",https://www.shazam.com/track/353880468/%D8%AA%D8%A7%D9%83%D8%B3%D9%8A%D9%85-%D9%85%D9%8A%D8%AA-%D9%81%D8%A7%D8%B2-%D8%A7%D9%84%D8%B9%D8%B1%D8%A8%D9%8A%D8%A9-%D9%83%D9%84%D9%85%D8%A7%D8%AA,353880468
191,2024-04-14,"Spicy Margarita","Jason Derulo & Michael Bublé",https://www.shazam.com/track/689854269/spicy-margarita,689854269
192,2024-04-09,"Swordsmen of the Centuries","Wolves",https://www.shazam.com/track/553219644/swordsmen-of-the-centuries,553219644
193,2024-04-09,"Light My Fire","The Doors",https://www.shazam.com/track/5447059/light-my-fire,5447059
194,2024-04-09,"People Are Strange","The Doors",https://www.shazam.com/track/54418077/people-are-strange,54418077
195,2024-04-06,"I’m Blue","DJ Alex Man, Dj Diac & haLuna",https://www.shazam.com/track/661002893/im-blue,661002893
196,2024-04-06,"Un-Break My Heart","PHURS, Michelle Ray & Deep Mage",https://www.shazam.com/track/681615589/un-break-my-heart,681615589
197,2024-03-31,"Overdrive (feat. Norma Jean Martine)","Ofenbach",https://www.shazam.com/track/678994736/overdrive-feat-norma-jean-martine,678994736
198,2024-03-30,"Lay Low","Tiësto",https://www.shazam.com/track/644444967/lay-low,644444967
199,2024-03-29,"Let You Love Me","Rita Ora",https://www.shazam.com/track/440180182/let-you-love-me,440180182
200,2024-03-22,"Lionheart (Fearless)","Joel Corry & Tom Grennan",https://www.shazam.com/track/635925106/lionheart-fearless,635925106
201,2024-03-22,"Fireball (feat. John Ryan)","Pitbull",https://www.shazam.com/track/143222576/fireball-feat-john-ryan,143222576
202,2024-03-14,"Love Again (Imanbek Remix)","Dua Lipa",https://www.shazam.com/track/585995842/love-again-imanbek-remix,585995842
203,2024-03-14,"Crazy What Love Can Do","David Guetta, Becky Hill & Ella Henderson",https://www.shazam.com/track/608078270/crazy-what-love-can-do,608078270
204,2024-03-14,"Cires De Mai (Radio Edit)","Dima",https://www.shazam.com/track/334271918/cires-de-mai-radio-edit,334271918
205,2024-03-06,"TQG","KAROL G & Shakira",https://www.shazam.com/track/652261537/tqg,652261537
206,2024-02-18,"Astronaut In The Ocean","Masked Wolf",https://www.shazam.com/track/469270443/astronaut-in-the-ocean,469270443
207,2024-02-12,"Beat Again (Radio Edit)","JLS",https://www.shazam.com/track/50940375/beat-again-radio-edit,50940375
208,2024-02-04,"Wildberry Lillet","Nina Chuba",https://www.shazam.com/track/625504789/wildberry-lillet,625504789
209,2024-02-04,"Every Single Day","Benassi Bros. featuring Dhany",https://www.shazam.com/track/61078985/every-single-day,61078985
210,2024-02-04,"Every Single Day","Benassi Bros. featuring Dhany",https://www.shazam.com/track/61078985/every-single-day,61078985
211,2024-02-04,"Noor El Ein","Amr Diab",https://www.shazam.com/track/67022118/noor-el-ein,67022118
212,2024-02-04,"Gimme! Gimme! Gimme! (A Man After Midnight)","ABBA",https://www.shazam.com/track/42912214/gimme-gimme-gimme-a-man-after-midnight,42912214
213,2024-02-04,"Rasputin","Majestic & Boney M.",https://www.shazam.com/track/557746926/rasputin,557746926
214,2024-02-04,"Coco Jamboo","Mr. President",https://www.shazam.com/track/54384340/coco-jamboo,54384340
215,2024-02-03,"Levitating (feat. DaBaby)","Dua Lipa",https://www.shazam.com/track/538322038/levitating-feat-dababy,538322038
216,2024-01-19,"Au Revoir","Mark Foster Feat. Sido",https://www.shazam.com/track/111028649/au-revoir,111028649
217,2024-01-13,"Enemy (From the series "Arcane League of Legends")","Imagine Dragons, Arcane & League of Legends Music",https://www.shazam.com/track/590327322/enemy-from-the-series-arcane-league-of-legends,590327322
218,2024-01-01,"CINE-I SOARELE TAU","Akord",https://www.shazam.com/track/635784709/cine-i-soarele-tau,635784709
219,2023-12-29,"Ochii","Satoshi",https://www.shazam.com/track/687656469/ochii,687656469
220,2023-12-28,"Rise Up 2021 (feat. Jaba)","Steff da Campo & Yves Larock",https://www.shazam.com/track/579533903/rise-up-2021-feat-jaba,579533903
221,2023-12-27,"Are You with Me","Lost Frequencies",https://www.shazam.com/track/304174982/are-you-with-me,304174982
222,2023-12-25,"Left Outside Alone","Anastacia",https://www.shazam.com/track/40238388/left-outside-alone,40238388
223,2023-12-20,"Medley: Let Me Talk to You / My Love (feat. T.I.)","Justin Timberlake",https://www.shazam.com/track/44650395/medley-let-me-talk-to-you-my-love-feat-t-i,44650395
224,2023-12-08,"Snowman","Sia",https://www.shazam.com/track/380156079/snowman,380156079
225,2023-12-07,"ITALODISCO","The Kolors",https://www.shazam.com/track/664864050/italodisco,664864050
226,2023-12-05,"Rise Up (Originally Performed by Andra Day) [Karaoke Version]","Covered Up",https://www.shazam.com/track/448089835/rise-up-originally-performed-by-andra-day-karaoke-version,448089835
227,2023-12-02,"Infinity","Jaymes Young",https://www.shazam.com/track/360400967/infinity,360400967
